{
    "per_output": {
        "Calories": {
            "features": [
                "HRV",
                "Sleep_hours",
                "Height_cm",
                "Resting_heart_rate_bpm",
                "Emotional_stress",
                "Testosterone_ng_dl",
                "CRP_mg_l",
                "Weight_kg"
            ],
            "relative_percent": [
                25.127342778196844,
                18.669359264200935,
                11.402122238246228,
                9.19195357917015,
                7.533208448329992,
                4.685857354527032,
                4.115498923785102,
                3.2950886814716265
            ],
            "gradient_percent": [
                1.803801967446226,
                34.370881833710634,
                0.8448265583171926,
                2.293996390157627,
                30.061689927489883,
                0.18026410623732522,
                16.673811405653673,
                0.5968096042950871
            ]
        },
        "1km_Run": {
            "features": [
                "Resting_heart_rate_bpm",
                "HRV",
                "Emotional_stress",
                "Sleep_hours",
                "CRP_mg_l",
                "Height_cm",
                "Age",
                "Weight_kg"
            ],
            "relative_percent": [
                18.001607027091527,
                16.503476364683237,
                16.22995757543024,
                13.948832932002015,
                8.983071373096521,
                7.517477841645684,
                2.7088518924589455,
                2.4930317591912323
            ],
            "gradient_percent": [
                3.552898780824544,
                2.060730852805681,
                29.68816117048044,
                32.73425222182963,
                17.578745353266974,
                0.6083468697898234,
                1.0959352696487288,
                0.456860598670756
            ]
        },
        "Cooper": {
            "features": [
                "HRV",
                "Sleep_hours",
                "Resting_heart_rate_bpm",
                "Height_cm",
                "Emotional_stress",
                "CRP_mg_l",
                "Weight_kg",
                "Waist_circumference_cm"
            ],
            "relative_percent": [
                27.543676366603897,
                18.7108403652205,
                12.04174607047883,
                8.889344474229803,
                8.268472172965271,
                4.594583411352038,
                3.3160102891904546,
                2.4452384020863285
            ],
            "gradient_percent": [
                1.938844402359043,
                33.62271313537462,
                2.9432371315669656,
                0.6494953738826328,
                30.22616864986017,
                17.3201146179686,
                0.5744288253227786,
                0.3879835333768105
            ]
        },
        "Pull_Ups": {
            "features": [
                "Testosterone_ng_dl",
                "Age",
                "Sleep_hours",
                "Height_cm",
                "Systolic_blood_pressure_mmhg",
                "Resting_heart_rate_bpm",
                "Hemoglobin_g_dl",
                "Emotional_stress"
            ],
            "relative_percent": [
                37.861720651163765,
                7.740906019160349,
                7.681688017870898,
                5.8503952248726625,
                5.770246568227424,
                5.316311006769632,
                5.233588494226576,
                4.842768972964791
            ],
            "gradient_percent": [
                1.3223779041343042,
                6.282628574398169,
                23.88088962661764,
                0.7258703877962597,
                1.0512906935167814,
                1.8065364160964097,
                7.741121237346382,
                18.839496082133735
            ]
        },
        "Burpees": {
            "features": [
                "HRV",
                "Sleep_hours",
                "Resting_heart_rate_bpm",
                "Height_cm",
                "Emotional_stress",
                "CRP_mg_l",
                "Testosterone_ng_dl",
                "Weight_kg"
            ],
            "relative_percent": [
                25.71069727350528,
                18.4634087622869,
                10.164126890429472,
                10.121684377567286,
                8.17479180064012,
                4.424840979244465,
                3.4241915492107697,
                3.235916580160186
            ],
            "gradient_percent": [
                1.860221132476692,
                33.860550010951165,
                2.4749732823942927,
                0.7428860647029988,
                29.78714570477317,
                16.539292111470022,
                0.12806306068008538,
                0.5716305462992953
            ]
        },
        "10km_Run": {
            "features": [
                "Resting_heart_rate_bpm",
                "HRV",
                "Emotional_stress",
                "Sleep_hours",
                "CRP_mg_l",
                "Height_cm",
                "Age",
                "Weight_kg"
            ],
            "relative_percent": [
                17.839560365496006,
                16.50008512443603,
                15.691790596724973,
                13.69985526195957,
                9.149054828033055,
                8.012342423303567,
                3.024214079898669,
                2.269975619488533
            ],
            "gradient_percent": [
                3.543542601049427,
                2.0694730859459716,
                29.134573193261826,
                32.16956027018694,
                17.97545911770126,
                0.661547504194829,
                1.2514691520872443,
                0.41727289207311896
            ]
        },
        "Waist_Change": {
            "features": [
                "Systolic_blood_pressure_mmhg",
                "Height_cm",
                "Resting_heart_rate_bpm",
                "HRV",
                "Sleep_hours",
                "Hemoglobin_g_dl",
                "Testosterone_ng_dl",
                "Run_100m_sec"
            ],
            "relative_percent": [
                13.240726665461716,
                13.098049654203464,
                9.39943529932783,
                6.854732608327561,
                6.279558391180124,
                5.461894515380933,
                5.286046399941459,
                4.987017554506209
            ],
            "gradient_percent": [
                2.382524109870594,
                1.5616005991196529,
                3.3002698432259865,
                1.1181469039638983,
                21.385680538163186,
                8.32789194432239,
                0.31794760297257757,
                7.576197374496223
            ]
        },
        "Testosterone": {
            "features": [
                "Testosterone_ng_dl",
                "Sleep_hours",
                "Emotional_stress",
                "HRV",
                "Age",
                "Height_cm",
                "Systolic_blood_pressure_mmhg",
                "Run_100m_sec"
            ],
            "relative_percent": [
                35.58635941655822,
                11.151540514400358,
                6.962853649159971,
                6.819978117915869,
                6.329554172027445,
                5.979036415996786,
                4.827154987463516,
                4.678062410165861
            ],
            "gradient_percent": [
                1.0250252321921327,
                28.581660563596333,
                26.694348588684306,
                0.8152982945017413,
                4.412185263884818,
                0.6078339111905047,
                0.7269001094482571,
                6.197366573199434
            ]
        }
    },